table_schema,table_name,column_name,data_type,is_pii_prob,sensitivity,sens_confidence,sens_probs,status,mask_required,model,cost_usd,classified_at
raw,transactions,account_id,STRING,0.18,confidential,0.99,"{""public"": 0, ""internal"": 0, ""restricted"": 0.01, ""confidential"": 0.99}",AUTO_APPLIED,false,typesafe/jev-1.13-20260917,0.000022008,2026-10-02T14:03:43.283Z
raw,accounts,account_id,STRING,0.15,confidential,0.98,"{""restricted"": 0.01, ""confidential"": 0.99, ""internal"": 0, ""public"": 0}",AUTO_APPLIED,false,typesafe/jev-1.13-20260917,0.000022008,2026-10-02T14:03:43.283Z
curated,fund_exposure,total_balance_inr,DOUBLE,0.03,confidential,0.99,"{""public"": 0, ""internal"": 0, ""confidential"": 1, ""restricted"": 0}",AUTO_APPLIED,false,typesafe/jev-1.13-20260917,0.000022218,2026-10-02T14:03:43.283Z
raw,accounts,balance_inr,DOUBLE,0.04,confidential,1,"{""public"": 0, ""confidential"": 1, ""internal"": 0, ""restricted"": 0}",AUTO_APPLIED,false,typesafe/jev-1.13-20260917,0.00002205,2026-10-02T14:03:43.283Z
raw,transactions,amount_inr,DOUBLE,0.02,confidential,1,"{""restricted"": 0, ""confidential"": 1, ""internal"": 0, ""public"": 0}",AUTO_APPLIED,false,typesafe/jev-1.13-20260917,0.00002205,2026-10-02T14:03:43.283Z
raw,fund_master,nav,DECIMAL,0.02,internal,0.98,"{""confidential"": 0.01, ""restricted"": 0, ""public"": 0.01, ""internal"": 0.98}",AUTO_APPLIED,false,typesafe/jev-1.13-20260917,0.00002205,2026-10-02T14:03:43.283Z
raw,fund_master,aum_cr,DECIMAL,0.02,internal,0.97,"{""public"": 0.01, ""confidential"": 0.02, ""internal"": 0.97, ""restricted"": 0}",AUTO_APPLIED,false,typesafe/jev-1.13-20260917,0.000022092,2026-10-02T14:03:43.283Z
curated,fund_exposure,category,STRING,0.03,public,0.98,"{""restricted"": 0, ""confidential"": 0, ""internal"": 0.02, ""public"": 0.98}",AUTO_APPLIED,false,typesafe/jev-1.13-20260917,0.000022092,2026-10-02T14:03:43.283Z
raw,fund_master,fund_name,STRING,0.02,public,1,"{""public"": 1, ""confidential"": 0, ""internal"": 0, ""restricted"": 0}",AUTO_APPLIED,false,typesafe/jev-1.13-20260917,0.000022134,2026-10-02T14:03:43.283Z
raw,fund_master,category,STRING,0.03,public,0.99,"{""confidential"": 0, ""restricted"": 0, ""internal"": 0.01, ""public"": 0.99}",AUTO_APPLIED,false,typesafe/jev-1.13-20260917,0.000022008,2026-10-02T14:03:43.283Z
curated,fund_exposure,fund_name,STRING,0.02,public,1,"{""restricted"": 0, ""public"": 1, ""internal"": 0, ""confidential"": 0}",AUTO_APPLIED,false,typesafe/jev-1.13-20260917,0.000022218,2026-10-02T14:03:43.283Z
raw,investors,date_of_birth,DATE,0.98,restricted,1,"{""confidential"": 0, ""internal"": 0, ""public"": 0, ""restricted"": 1}",AUTO_APPLIED,true,typesafe/jev-1.13-20260917,0.000022134,2026-10-02T14:03:43.283Z
raw,investors,email,STRING,0.98,restricted,0.96,"{""restricted"": 0.97, ""internal"": 0, ""confidential"": 0.03, ""public"": 0}",AUTO_APPLIED,true,typesafe/jev-1.13-20260917,0.00002205,2026-10-02T14:03:43.283Z
raw,investors,pan_number,STRING,0.98,restricted,0.99,"{""confidential"": 0.01, ""internal"": 0, ""public"": 0, ""restricted"": 0.99}",AUTO_APPLIED,true,typesafe/jev-1.13-20260917,0.000022092,2026-10-02T14:03:43.283Z
raw,investors,full_name,STRING,0.97,restricted,0.98,"{""internal"": 0, ""restricted"": 0.99, ""public"": 0, ""confidential"": 0.01}",AUTO_APPLIED,true,typesafe/jev-1.13-20260917,0.000022092,2026-10-02T14:03:43.283Z
raw,investors,phone,STRING,0.98,restricted,0.98,"{""restricted"": 0.99, ""confidential"": 0.01, ""internal"": 0, ""public"": 0}",AUTO_APPLIED,true,typesafe/jev-1.13-20260917,0.00002205,2026-10-02T14:03:43.283Z
raw,transactions,txn_ts,TIMESTAMP,0.03,confidential,0.6,"{""restricted"": 0.01, ""internal"": 0.28, ""public"": 0.02, ""confidential"": 0.69}",STEWARD_REVIEW,false,typesafe/jev-1.13-20260917,0.000022092,2026-10-02T14:03:43.283Z
raw,transactions,txn_id,STRING,0.04,confidential,0.47,"{""confidential"": 0.6, ""restricted"": 0.02, ""public"": 0.04, ""internal"": 0.34}",STEWARD_REVIEW,false,typesafe/jev-1.13-20260917,0.000022008,2026-10-02T14:03:43.283Z
raw,investors,kyc_status,STRING,0.06,confidential,0.33,"{""restricted"": 0.48, ""confidential"": 0.5, ""public"": 0, ""internal"": 0.02}",STEWARD_REVIEW,false,typesafe/jev-1.13-20260917,0.00002226,2026-10-02T14:03:43.283Z
curated,fund_exposure,investors,LONG,0.22,confidential,0.59,"{""restricted"": 0.29, ""public"": 0, ""internal"": 0.02, ""confidential"": 0.69}",STEWARD_REVIEW,false,typesafe/jev-1.13-20260917,0.000022176,2026-10-02T14:03:43.283Z
raw,accounts,account_open_date,DATE,0.11,confidential,0.75,"{""public"": 0.01, ""confidential"": 0.81, ""internal"": 0.12, ""restricted"": 0.06}",STEWARD_REVIEW,false,typesafe/jev-1.13-20260917,0.00002205,2026-10-02T14:03:43.283Z
raw,accounts,investor_id,STRING,0.46,confidential,0.37,"{""restricted"": 0.45, ""confidential"": 0.54, ""internal"": 0.01, ""public"": 0}",STEWARD_REVIEW,false,typesafe/jev-1.13-20260917,0.000022092,2026-10-02T14:03:43.283Z
raw,investors,investor_id,STRING,0.3,confidential,0.47,"{""internal"": 0.02, ""restricted"": 0.37, ""confidential"": 0.61, ""public"": 0}",STEWARD_REVIEW,false,typesafe/jev-1.13-20260917,0.00002226,2026-10-02T14:03:43.283Z
raw,transactions,txn_type,STRING,0.02,internal,0.32,"{""public"": 0.19, ""confidential"": 0.32, ""internal"": 0.49, ""restricted"": 0}",STEWARD_REVIEW,false,typesafe/jev-1.13-20260917,0.000022386,2026-10-02T14:03:43.283Z
raw,transactions,fund_code,STRING,0.02,public,0.36,"{""confidential"": 0.16, ""restricted"": 0, ""public"": 0.52, ""internal"": 0.32}",STEWARD_REVIEW,false,typesafe/jev-1.13-20260917,0.000022008,2026-10-02T14:03:43.283Z
raw,accounts,fund_code,STRING,0.02,public,0.25,"{""restricted"": 0, ""internal"": 0.3, ""confidential"": 0.26, ""public"": 0.44}",STEWARD_REVIEW,false,typesafe/jev-1.13-20260917,0.000022218,2026-10-02T14:03:43.283Z
raw,fund_master,fund_code,STRING,0.02,public,0.39,"{""confidential"": 0.05, ""public"": 0.54, ""restricted"": 0, ""internal"": 0.4}",STEWARD_REVIEW,false,typesafe/jev-1.13-20260917,0.00002205,2026-10-02T14:03:43.283Z
curated,fund_exposure,fund_code,STRING,0.02,public,0.43,"{""internal"": 0.37, ""public"": 0.57, ""confidential"": 0.06, ""restricted"": 0}",STEWARD_REVIEW,false,typesafe/jev-1.13-20260917,0.000022134,2026-10-02T14:03:43.283Z
curated,fund_exposure,city,STRING,0.23,public,0.5,"{""public"": 0.63, ""internal"": 0.33, ""restricted"": 0.01, ""confidential"": 0.03}",STEWARD_REVIEW,false,typesafe/jev-1.13-20260917,0.000022092,2026-10-02T14:03:43.283Z
raw,accounts,tax_residency,STRING,0.46,restricted,0.41,"{""confidential"": 0.44, ""restricted"": 0.55, ""internal"": 0.01, ""public"": 0}",STEWARD_REVIEW,true,typesafe/jev-1.13-20260917,0.000022092,2026-10-02T14:03:43.283Z
raw,investors,city,STRING,0.63,restricted,0.14,"{""confidential"": 0.22, ""public"": 0.09, ""restricted"": 0.35, ""internal"": 0.34}",STEWARD_REVIEW,true,typesafe/jev-1.13-20260917,0.00002205,2026-10-02T14:03:43.283Z
